Strain,Stress
0.000175,5315
0.000365,10511
0.000885,26134
0.00144,42632
0.002045,60458
0.002585,76353
